﻿<?xml version="1.0" encoding="utf-8"?>
<manifest identifier="PJ00408_GT02_01" version="1.0" xmlns="http://www.imsproject.org/xsd/imscp_rootv1p1p2" xmlns:adlcp="http://www.adlnet.org/xsd/adlcp_rootv1p2" xmlns:xsi="http://www.w3.org/2001/XMLSchema-instance" xsi:schemaLocation="http://www.imsproject.org/xsd/imscp_rootv1p1p2 imscp_rootv1p1p2.xsd http://www.imsglobal.org/xsd/imsmd_rootv1p2p1 imsmd_rootv1p2p1.xsd http://www.adlnet.org/xsd/adlcp_rootv1p2 adlcp_rootv1p2.xsd">
  <metadata>
    <schema>ADL SCORM</schema>
    <schemaversion>1.2</schemaversion>
    <lom xmlns="http://www.imsglobal.org/xsd/imsmd_rootv1p2p1" xmlns:xsi="http://www.w3.org/2001/XMLSchema-instance" xsi:schemaLocation="http://www.imsglobal.org/xsd/imsmd_rootv1p2p1 imsmd_rootv1p2p1.xsd">
      <general>
        <title>
          <langstring xml:lang="x-none">Filosofia, Ética e Responsabilidade Social | Unidade 1</langstring>
        </title>
      </general>
      <lifecycle>
        <version>
          <langstring xml:lang="x-none">1</langstring>
        </version>
        <status>
          <source>
            <langstring xml:lang="x-none">LOMv1.0</langstring>
          </source>
          <value>
            <langstring xml:lang="x-none">Final</langstring>
          </value>
        </status>
      </lifecycle>
      <metametadata>
        <metadatascheme>ADL SCORM 1.2</metadatascheme>
      </metametadata>
      <educational>
        <typicallearningtime>
          <datetime>PT0H0M0S</datetime>
        </typicallearningtime>
      </educational>
      <rights>
        <cost>
          <source>
            <langstring xml:lang="x-none">LOMv1.0</langstring>
          </source>
          <value>
            <langstring xml:lang="x-none">yes</langstring>
          </value>
        </cost>
        <copyrightandotherrestrictions>
          <source>
            <langstring xml:lang="x-none">LOMv1.0</langstring>
          </source>
          <value>
            <langstring xml:lang="x-none">yes</langstring>
          </value>
        </copyrightandotherrestrictions>
      </rights>
    </lom>
  </metadata>
  <organizations default="Filosofia,_Ética_e_Responsabilidade_Social_|_Unidade_1_ORG">
    <organization identifier="Filosofia,_Ética_e_Responsabilidade_Social_|_Unidade_1_ORG">
      <title>Filosofia, Ética e Responsabilidade Social | Unidade 1</title>
      <item identifier="PJ00408_GT02_01_SCO" isvisible="true" identifierref="_PJ00408_GT02_01_RES">
        <title>Filosofia, Ética e Responsabilidade Social | Unidade 1</title>
      </item>
    </organization>
  </organizations>
  <resources>
    <resource identifier="_PJ00408_GT02_01_RES" type="webcontent" href="index_lms.html" adlcp:scormtype="sco">
      <file href="story_content/thumbnail.jpg" />
      <file href="story_content/60VdvB0Pm4u_B-10_C10_DX2048_DY2048.jpg" />
      <file href="mobile/60VdvB0Pm4u_B-10_C10_DX2048_DY2048_CX1024_CY680.jpg" />
      <file href="story_content/ZigZag_911C1F_E11C2B.jpg" />
      <file href="story_content/ZigZag_000000_404040.jpg" />
      <file href="story_content/6J5B0lESoA9_DX356_DY356.swf" />
      <file href="mobile/6J5B0lESoA9_DX356_DY356_CX266_CY85.png" />
      <file href="story_content/5h9YKBuIDFV_DX120_DY120.swf" />
      <file href="mobile/5h9YKBuIDFV_DX120_DY120_CX90_CY90.png" />
      <file href="story_content/6CZ57d4lJqc_DX120_DY120.swf" />
      <file href="mobile/6CZ57d4lJqc_DX120_DY120_CX90_CY90.png" />
      <file href="story_content/64CmfWr3kRA_DX120_DY120.swf" />
      <file href="mobile/64CmfWr3kRA_DX120_DY120_CX90_CY90.png" />
      <file href="story_content/5WVhmnVJWU4_DX2048_DY2048.jpg" />
      <file href="mobile/5WVhmnVJWU4_DX2048_DY2048_CX1024_CY680.jpg" />
      <file href="story_content/txt__default_6oDR8zF9bEU.swf" />
      <file href="story_content/5fwIspx84Rr_Y_DX2048_DY2048.swf" />
      <file href="mobile/5fwIspx84Rr_Y_DX2048_DY2048_CX1526_CY28.png" />
      <file href="story_content/5fwIspx84Rr_DX2048_DY2048.swf" />
      <file href="mobile/5fwIspx84Rr_DX2048_DY2048_CX1526_CY28.png" />
      <file href="story_content/5h9YKBuIDFV_X_DX120_DY120.swf" />
      <file href="mobile/5h9YKBuIDFV_X_DX120_DY120_CX90_CY90.png" />
      <file href="story_content/6CZ57d4lJqc_X_DX120_DY120.swf" />
      <file href="mobile/6CZ57d4lJqc_X_DX120_DY120_CX90_CY90.png" />
      <file href="story_content/64CmfWr3kRA_X_DX120_DY120.swf" />
      <file href="mobile/64CmfWr3kRA_X_DX120_DY120_CX90_CY90.png" />
      <file href="story_content/6jS6C4l188a_DX62_DY62.swf" />
      <file href="mobile/6jS6C4l188a_DX62_DY62_CX46_CY46.png" />
      <file href="story_content/6ZmC7Nu5sR8_DX76_DY76.swf" />
      <file href="mobile/6ZmC7Nu5sR8_DX76_DY76_CX55_CY57.png" />
      <file href="story_content/6TP8uPktlGn_DX62_DY62.swf" />
      <file href="mobile/6TP8uPktlGn_DX62_DY62_CX45_CY46.png" />
      <file href="story_content/5hpeYUu3bDC_DX76_DY76.swf" />
      <file href="mobile/5hpeYUu3bDC_DX76_DY76_CX55_CY57.png" />
      <file href="story_content/6ZSWoFdpTbv_DX62_DY62.swf" />
      <file href="mobile/6ZSWoFdpTbv_DX62_DY62_CX45_CY46.png" />
      <file href="story_content/5oWBlHBzGWY_DX76_DY76.swf" />
      <file href="mobile/5oWBlHBzGWY_DX76_DY76_CX55_CY57.png" />
      <file href="story_content/6EZ8kM3dwPd_DX180_DY180.swf" />
      <file href="mobile/6EZ8kM3dwPd_DX180_DY180_CX135_CY43.png" />
      <file href="story_content/txt__default_6AmZey3rfkB.swf" />
      <file href="story_content/txt__default_6AeEIhPLwKo.swf" />
      <file href="story_content/txt__default_6n0pAavYMyM.swf" />
      <file href="story_content/txt__default_64gD6EVajwo.swf" />
      <file href="story_content/txt__default_5nxfRPQLIge.swf" />
      <file href="story_content/txt__default_69sZElyG7RV.swf" />
      <file href="story_content/txt__default_6LYUxOeUOCl.swf" />
      <file href="story_content/61rdGTcjg5C_DX62_DY62.swf" />
      <file href="mobile/61rdGTcjg5C_DX62_DY62_CX45_CY46.png" />
      <file href="story_content/5oJ8Ex3K4VJ_DX62_DY62.swf" />
      <file href="mobile/5oJ8Ex3K4VJ_DX62_DY62_CX45_CY46.png" />
      <file href="story_content/6MuVDtWV75z_DX62_DY62.swf" />
      <file href="mobile/6MuVDtWV75z_DX62_DY62_CX45_CY46.png" />
      <file href="story_content/6qenNtJjdS8_DX100_DY100.swf" />
      <file href="mobile/6qenNtJjdS8_DX100_DY100_CX45_CY45.png" />
      <file href="story_content/6hLrKS5OI80_DX2052_DY2052.jpg" />
      <file href="mobile/6hLrKS5OI80_DX2052_DY2052_CX1538_CY1021.jpg" />
      <file href="story_content/5dBDd2o77l1_RE11A29_DX70_DY70.swf" />
      <file href="mobile/5dBDd2o77l1_RE11A29_DX70_DY70_CX52_CY52.png" />
      <file href="story_content/5rwz6XYjjV6_DX242_DY242.swf" />
      <file href="mobile/5rwz6XYjjV6_DX242_DY242_CX181_CY181.png" />
      <file href="story_content/6W6JcCxhwGB_DX280_DY280.swf" />
      <file href="mobile/6W6JcCxhwGB_DX280_DY280_CX210_CY210.png" />
      <file href="story_content/5vt0SqQhNJp_X_DX2048_DY2048.jpg" />
      <file href="mobile/5vt0SqQhNJp_X_DX2048_DY2048_CX1024_CY680.jpg" />
      <file href="story_content/5cLw0uXqYfS_DX2052_DY2052.jpg" />
      <file href="mobile/5cLw0uXqYfS_DX2052_DY2052_CX1538_CY1021.jpg" />
      <file href="story_content/6RLkPl0Zw78_DX120_DY120.swf" />
      <file href="mobile/6RLkPl0Zw78_DX120_DY120_CX90_CY90.png" />
      <file href="story_content/6ZpVfPXRBbG_DX120_DY120.swf" />
      <file href="mobile/6ZpVfPXRBbG_DX120_DY120_CX90_CY90.png" />
      <file href="story_content/6RHNIUsXU7s_DX118_DY118.swf" />
      <file href="mobile/6RHNIUsXU7s_DX118_DY118_CX88_CY88.png" />
      <file href="story_content/6igXcywqIsB_DX120_DY120.swf" />
      <file href="mobile/6igXcywqIsB_DX120_DY120_CX90_CY90.png" />
      <file href="story_content/6qerZz2Z54b_DX130_DY130.swf" />
      <file href="mobile/6qerZz2Z54b_DX130_DY130_CX97_CY97.png" />
      <file href="story_content/65iq7tJvgY1_DX120_DY120.swf" />
      <file href="mobile/65iq7tJvgY1_DX120_DY120_CX90_CY90.png" />
      <file href="story_content/6BBcQQB498q_DX110_DY110.swf" />
      <file href="mobile/6BBcQQB498q_DX110_DY110_CX82_CY82.png" />
      <file href="story_content/Shape6lTBCUBWhGY.swf" />
      <file href="story_content/Shape5mhxFNIbzST.swf" />
      <file href="story_content/Shape6VNrwxhrG0r.swf" />
      <file href="story_content/Shape6SNekuml7LA.swf" />
      <file href="story_content/Shape6Ogg73LbD7c.swf" />
      <file href="story_content/Shape6LIlxgD9Pm2.swf" />
      <file href="story_content/Shape62toWHHD26R.swf" />
      <file href="story_content/5dBDd2o77l1_RFFFFFF_Q3E11B2A_DX70_DY70.swf" />
      <file href="mobile/5dBDd2o77l1_RFFFFFF_Q3E11B2A_DX70_DY70_CX52_CY52.png" />
      <file href="story_content/5dBDd2o77l1_Q3E11B2A_DX70_DY70.swf" />
      <file href="mobile/5dBDd2o77l1_Q3E11B2A_DX70_DY70_CX52_CY52.png" />
      <file href="story_content/6L7FTcZtY4Y_DX2052_DY2052.jpg" />
      <file href="mobile/6L7FTcZtY4Y_DX2052_DY2052_CX1538_CY1021.jpg" />
      <file href="story_content/6GQ6gSVPFwx_DX2048_DY2048.jpg" />
      <file href="mobile/6GQ6gSVPFwx_DX2048_DY2048_CX1024_CY680.jpg" />
      <file href="story_content/6DB6W4p9FRa_X_DX2048_DY2048.jpg" />
      <file href="mobile/6DB6W4p9FRa_X_DX2048_DY2048_CX1024_CY680.jpg" />
      <file href="story_content/6Vxe8kSTgdi_DX436_DY436.jpg" />
      <file href="mobile/6Vxe8kSTgdi_DX436_DY436_CX262_CY327.jpg" />
      <file href="story_content/5WAPi12S548_DX436_DY436.jpg" />
      <file href="mobile/5WAPi12S548_DX436_DY436_CX262_CY327.jpg" />
      <file href="story_content/6ZWjSKovFB5_DX434_DY434.jpg" />
      <file href="mobile/6ZWjSKovFB5_DX434_DY434_CX260_CY325.jpg" />
      <file href="story_content/5Y72panp6OY_DX434_DY434.jpg" />
      <file href="mobile/5Y72panp6OY_DX434_DY434_CX260_CY325.jpg" />
      <file href="mobile/5h9YKBuIDFV_DX120_DY120_CX60_CY60.png" />
      <file href="mobile/6CZ57d4lJqc_DX120_DY120_CX60_CY60.png" />
      <file href="mobile/64CmfWr3kRA_DX120_DY120_CX60_CY60.png" />
      <file href="mobile/5h9YKBuIDFV_X_DX120_DY120_CX60_CY60.png" />
      <file href="mobile/6CZ57d4lJqc_X_DX120_DY120_CX60_CY60.png" />
      <file href="mobile/64CmfWr3kRA_X_DX120_DY120_CX60_CY60.png" />
      <file href="story_content/6DMcv92m42K_DX434_DY434.jpg" />
      <file href="mobile/6DMcv92m42K_DX434_DY434_CX260_CY325.jpg" />
      <file href="story_content/5vZ3MyUOvxa_DX434_DY434.jpg" />
      <file href="mobile/5vZ3MyUOvxa_DX434_DY434_CX260_CY325.jpg" />
      <file href="story_content/6D1WOqljZ8d_DX434_DY434.jpg" />
      <file href="mobile/6D1WOqljZ8d_DX434_DY434_CX260_CY325.jpg" />
      <file href="story_content/6MDRD6FLeJM_DX434_DY434.jpg" />
      <file href="mobile/6MDRD6FLeJM_DX434_DY434_CX260_CY325.jpg" />
      <file href="story_content/6U9PCbUTswz_DX434_DY434.jpg" />
      <file href="mobile/6U9PCbUTswz_DX434_DY434_CX260_CY325.jpg" />
      <file href="story_content/5d9ji8hFNTL_DX574_DY574.jpg" />
      <file href="mobile/5d9ji8hFNTL_DX574_DY574_CX430_CY324.jpg" />
      <file href="story_content/5dBFW12p8hA_DX434_DY434.jpg" />
      <file href="mobile/5dBFW12p8hA_DX434_DY434_CX260_CY325.jpg" />
      <file href="mobile/6qenNtJjdS8_DX100_DY100_CX60_CY60.png" />
      <file href="mobile/6qenNtJjdS8_DX100_DY100_CX75_CY75.png" />
      <file href="story_content/6AkDqH42nyS_DX2048_DY2048.jpg" />
      <file href="mobile/6AkDqH42nyS_DX2048_DY2048_CX1024_CY680.jpg" />
      <file href="story_content/5z5Yzp6j0TR_DX1924_DY1924.swf" />
      <file href="mobile/5z5Yzp6j0TR_DX1924_DY1924_CX1275_CY756.png" />
      <file href="story_content/5eE0qyHk7Pz_DX240_DY240.jpg" />
      <file href="mobile/5eE0qyHk7Pz_DX240_DY240_CX180_CY180.jpg" />
      <file href="story_content/5j8xROCv9HA_DX240_DY240.jpg" />
      <file href="mobile/5j8xROCv9HA_DX240_DY240_CX180_CY180.jpg" />
      <file href="story_content/6ZTiUWXHfCX_DX240_DY240.jpg" />
      <file href="mobile/6ZTiUWXHfCX_DX240_DY240_CX180_CY180.jpg" />
      <file href="story_content/6rQsrbEWChW_DX240_DY240.jpg" />
      <file href="mobile/6rQsrbEWChW_DX240_DY240_CX180_CY180.jpg" />
      <file href="story_content/6d2SFyURbZM_R000000_P_0_0_2047_707_DX1968_DY1968.swf" />
      <file href="mobile/6d2SFyURbZM_R000000_P_0_0_2047_707_DX1968_DY1968_CX1476_CY510.png" />
      <file href="story_content/5dBDd2o77l1_RFFFFFF_DX70_DY70.swf" />
      <file href="mobile/5dBDd2o77l1_RFFFFFF_DX70_DY70_CX52_CY52.png" />
      <file href="story_content/Shape6OrTxFuOyfW.swf" />
      <file href="story_content/6W6JcCxhwGB_Q34D5D5D_DX280_DY280.swf" />
      <file href="mobile/6W6JcCxhwGB_Q34D5D5D_DX280_DY280_CX142_CY142.png" />
      <file href="story_content/62WXBGpMd9A_Q34D5D5D_DX200_DY200.swf" />
      <file href="mobile/62WXBGpMd9A_Q34D5D5D_DX200_DY200_CX150_CY150.png" />
      <file href="story_content/5lYYbs6MKlV_Q34D5D5D_DX180_DY180.swf" />
      <file href="mobile/5lYYbs6MKlV_Q34D5D5D_DX180_DY180_CX135_CY135.png" />
      <file href="story_content/5b5KZjbyM5p_Q34D5D5D_DX190_DY190.swf" />
      <file href="mobile/5b5KZjbyM5p_Q34D5D5D_DX190_DY190_CX142_CY142.png" />
      <file href="story_content/Shape5ZICzmkcjqR.swf" />
      <file href="story_content/6F6VK8A1tfT_Q34D5D5D_DX168_DY168.swf" />
      <file href="mobile/6F6VK8A1tfT_Q34D5D5D_DX168_DY168_CX126_CY126.png" />
      <file href="story_content/6TwCwB1OmPx_Q34D5D5D_DX144_DY144.swf" />
      <file href="mobile/6TwCwB1OmPx_Q34D5D5D_DX144_DY144_CX108_CY108.png" />
      <file href="story_content/6et8fg3jCU3_Q34D5D5D_DX180_DY180.swf" />
      <file href="mobile/6et8fg3jCU3_Q34D5D5D_DX180_DY180_CX135_CY135.png" />
      <file href="story_content/5vVwJL1vcW7_Q34D5D5D_DX130_DY130.swf" />
      <file href="mobile/5vVwJL1vcW7_Q34D5D5D_DX130_DY130_CX97_CY97.png" />
      <file href="story_content/5wFf5SiPgxe_Q34D5D5D_DX146_DY146.swf" />
      <file href="mobile/5wFf5SiPgxe_Q34D5D5D_DX146_DY146_CX109_CY109.png" />
      <file href="story_content/6qMqJyS1mk1_Q34D5D5D_DX148_DY148.swf" />
      <file href="mobile/6qMqJyS1mk1_Q34D5D5D_DX148_DY148_CX111_CY111.png" />
      <file href="story_content/5npd7m4XEFG_DX2048_DY2048.jpg" />
      <file href="mobile/5npd7m4XEFG_DX2048_DY2048_CX1024_CY680.jpg" />
      <file href="story_content/6QNsniMoYNg_DX2052_DY2052.jpg" />
      <file href="mobile/6QNsniMoYNg_DX2052_DY2052_CX1538_CY1021.jpg" />
      <file href="story_content/5d2IG7yhNgd_DX958_DY958.jpg" />
      <file href="mobile/5d2IG7yhNgd_DX958_DY958_CX718_CY477.jpg" />
      <file href="story_content/6k5WDbFHxu4_DX2048_DY2048.jpg" />
      <file href="mobile/6k5WDbFHxu4_DX2048_DY2048_CX1024_CY680.jpg" />
      <file href="story_content/5af4uHJTveG_RE11B2A_DX140_DY140.swf" />
      <file href="mobile/5af4uHJTveG_RE11B2A_DX140_DY140_CX105_CY105.png" />
      <file href="meta.xml" />
      <file href="story_content/FontFactory.swf" />
      <file href="story_content/fonts.swf" />
      <file href="story_content/frame.xml" />
      <file href="story_content/user.js" />
      <file href="mobile/txt__default_6oDR8zF9bEU.png" />
      <file href="mobile/txt__default_6AmZey3rfkB.png" />
      <file href="mobile/txt__default_6AeEIhPLwKo.png" />
      <file href="mobile/txt__default_6n0pAavYMyM.png" />
      <file href="mobile/txt__default_64gD6EVajwo.png" />
      <file href="mobile/txt__default_5nxfRPQLIge.png" />
      <file href="mobile/txt__default_69sZElyG7RV.png" />
      <file href="mobile/txt__default_6LYUxOeUOCl.png" />
      <file href="mobile/Shape6lTBCUBWhGY.png" />
      <file href="mobile/Shape5mhxFNIbzST.png" />
      <file href="mobile/Shape6VNrwxhrG0r.png" />
      <file href="mobile/Shape6SNekuml7LA.png" />
      <file href="mobile/Shape6Ogg73LbD7c.png" />
      <file href="mobile/Shape6LIlxgD9Pm2.png" />
      <file href="mobile/Shape62toWHHD26R.png" />
      <file href="mobile/Shape6OrTxFuOyfW.png" />
      <file href="mobile/Shape5ZICzmkcjqR.png" />
      <file href="story.swf" />
      <file href="story_content/frame.swf" />
      <file href="story_content/slides/5VIRqg8CSU6.swf" />
      <file href="story_content/slides/6HpdIedThkT.swf" />
      <file href="story_content/slides/69xvvtCJGag.swf" />
      <file href="story_content/slides/69MklrvPZtb.swf" />
      <file href="story_content/slides/67pP7KdSwfE.swf" />
      <file href="story_content/slides/6p7R3nnGcwg.swf" />
      <file href="story_content/slides/6NZtWr9oday.swf" />
      <file href="story_content/slides/63wdW4XZZ3Z.swf" />
      <file href="story_content/slides/6hxjAcYiDIX.swf" />
      <file href="story_content/slides/5YOdNhT6sDF.swf" />
      <file href="story_content/slides/6PofM8275bm.swf" />
      <file href="story_content/slides/6ZaDBoQDpcP.swf" />
      <file href="story_content/slides/6U5izMn8Rsg.swf" />
      <file href="story_content/slides/6rPUPEsbWeI.swf" />
      <file href="story_content/slides/5fHegZgBB1o.swf" />
      <file href="story_content/slides/5Uhkp36MPpn.swf" />
      <file href="story_content/slides/6gx0SPdOQTp.swf" />
      <file href="story_content/slides/6cG6Ww5b8IV.swf" />
      <file href="story_content/data.swf" />
      <file href="html5/data/css/output.min.css" />
      <file href="html5/data/js/5fHegZgBB1o.js" />
      <file href="html5/data/js/5Uhkp36MPpn.js" />
      <file href="html5/data/js/5VIRqg8CSU6.js" />
      <file href="html5/data/js/5YOdNhT6sDF.js" />
      <file href="html5/data/js/63wdW4XZZ3Z.js" />
      <file href="html5/data/js/67pP7KdSwfE.js" />
      <file href="html5/data/js/69MklrvPZtb.js" />
      <file href="html5/data/js/69xvvtCJGag.js" />
      <file href="html5/data/js/6cG6Ww5b8IV.js" />
      <file href="html5/data/js/6gx0SPdOQTp.js" />
      <file href="html5/data/js/6HpdIedThkT.js" />
      <file href="html5/data/js/6hxjAcYiDIX.js" />
      <file href="html5/data/js/6NZtWr9oday.js" />
      <file href="html5/data/js/6p7R3nnGcwg.js" />
      <file href="html5/data/js/6PofM8275bm.js" />
      <file href="html5/data/js/6rPUPEsbWeI.js" />
      <file href="html5/data/js/6U5izMn8Rsg.js" />
      <file href="html5/data/js/6ZaDBoQDpcP.js" />
      <file href="html5/data/js/data.js" />
      <file href="html5/data/js/frame.js" />
      <file href="html5/data/js/paths.js" />
      <file href="html5/lib/scripts/app.min.js" />
      <file href="html5/lib/stylesheets/main.min.css" />
      <file href="html5/lib/stylesheets/mobile-fonts/open-sans-bold.woff" />
      <file href="html5/lib/stylesheets/mobile-fonts/open-sans-light.woff" />
      <file href="html5/lib/stylesheets/mobile-fonts/open-sans-regular.woff" />
      <file href="story.html" />
      <file href="story_flash.html" />
      <file href="story_html5.html" />
      <file href="analytics-frame.html" />
      <file href="story_content/blank.html" />
      <file href="story_content/story.js" />
      <file href="index_lms.html" />
      <file href="index_lms_html5.html" />
      <file href="index_lms_flash.html" />
      <file href="lms/AICCComm.html" />
      <file href="lms/AICCFunctions.js" />
      <file href="lms/API.js" />
      <file href="lms/APIConstants.js" />
      <file href="lms/blank.html" />
      <file href="lms/browsersniff.js" />
      <file href="lms/Configuration.js" />
      <file href="lms/goodbye.html" />
      <file href="lms/lms.js" />
      <file href="lms/LMSAPI.js" />
      <file href="lms/NONEFunctions.js" />
      <file href="lms/SCORM2004Functions.js" />
      <file href="lms/SCORMFunctions.js" />
      <file href="lms/UtilityFunctions.js" />
    </resource>
  </resources>
</manifest>